#Query ID	 Query Length	 Subject ID	 Subject Length	 % Identity	 Alignment Length	 Mismatches	 Gap Openings	 Query Start	 Query End	 Subject Start	 Subject End	 E-Value	 Bit Score
cur7111_c00001.x	8080	DSM7109	2366079	n/a	8080	n/a	n/a	8081	2	750870	758949	0.0	1.594e+04

#Query ID	 Query Length	 Subject ID	 Subject Length	 % Identity	 Alignment Length	 Mismatches	 Gap Openings	 Query Start	 Query End	 Subject Start	 Subject End	 E-Value	 Bit Score
cur7111_c00002.x	2890	DSM7109	2366079	n/a	2879	n/a	n/a	13	2890	2122595	2125473	0.0	5643
cur7111_c00002.x	2890	DSM7109	2366079	n/a	850	n/a	n/a	2891	2042	2121838	2122687	0.0	1654
cur7111_c00002.x	2890	DSM7109	2366079	n/a	93	n/a	n/a	107	14	2124624	2124716	8e-43	 172

#Query ID	 Query Length	 Subject ID	 Subject Length	 % Identity	 Alignment Length	 Mismatches	 Gap Openings	 Query Start	 Query End	 Subject Start	 Subject End	 E-Value	 Bit Score
cur7111_c00003.x	1685	DSM7109	2366079	n/a	1686	n/a	n/a	1	1685	1922296	1923981	0.0	3309
cur7111_c00003.x	1685	DSM7109	2366079	n/a	151	n/a	n/a	1686	1536	1099893	1100043	7e-64	 241
cur7111_c00003.x	1685	DSM7109	2366079	n/a	124	n/a	n/a	125	2	2176933	2177056	4e-62	 235
cur7111_c00003.x	1685	DSM7109	2366079	n/a	150	n/a	n/a	1536	1685	1739593	1739742	7e-61	 231
cur7111_c00003.x	1685	DSM7109	2366079	n/a	124	n/a	n/a	1	124	356955	357078	1e-59	 227
cur7111_c00003.x	1685	DSM7109	2366079	n/a	124	n/a	n/a	1	124	1123845	1123968	1e-59	 227
cur7111_c00003.x	1685	DSM7109	2366079	n/a	124	n/a	n/a	125	2	2284182	2284305	1e-59	 227

#Query ID	 Query Length	 Subject ID	 Subject Length	 % Identity	 Alignment Length	 Mismatches	 Gap Openings	 Query Start	 Query End	 Subject Start	 Subject End	 E-Value	 Bit Score
cur7111_c00004.x	1443	DSM7109	2366079	n/a	1442	n/a	n/a	1	1443	351189	352630	0.0	2836
cur7111_c00004.x	1443	DSM7109	2366079	n/a	1442	n/a	n/a	1	1443	624755	626196	0.0	2836
cur7111_c00004.x	1443	DSM7109	2366079	n/a	1442	n/a	n/a	1	1443	2177533	2178974	0.0	2836
cur7111_c00004.x	1443	DSM7109	2366079	n/a	1442	n/a	n/a	1	1443	1741028	1742469	0.0	2828
cur7111_c00004.x	1443	DSM7109	2366079	n/a	1442	n/a	n/a	1444	2	1866246	1867687	0.0	2828

#Query ID	 Query Length	 Subject ID	 Subject Length	 % Identity	 Alignment Length	 Mismatches	 Gap Openings	 Query Start	 Query End	 Subject Start	 Subject End	 E-Value	 Bit Score
cur7111_c00005.x	20381	DSM7109	2366079	n/a	13288	n/a	n/a	19478	6181	1750868	1764155	0.0	2.339e+04
cur7111_c00005.x	20381	DSM7109	2366079	n/a	13250	n/a	n/a	19478	6199	1750868	1764117	0.0	2.329e+04
cur7111_c00005.x	20381	DSM7109	2366079	n/a	6063	n/a	n/a	6177	115	1764179	1770241	0.0	1.136e+04
cur7111_c00005.x	20381	DSM7109	2366079	n/a	825	n/a	n/a	20382	19558	1749985	1750809	0.0	1544
cur7111_c00005.x	20381	DSM7109	2366079	n/a	114	n/a	n/a	116	3	812414	812527	8e-57	 221
cur7111_c00005.x	20381	DSM7109	2366079	n/a	113	n/a	n/a	115	3	1648181	1648293	2e-54	 213
cur7111_c00005.x	20381	DSM7109	2366079	n/a	113	n/a	n/a	116	4	908822	908934	7e-48	 192

#Query ID	 Query Length	 Subject ID	 Subject Length	 % Identity	 Alignment Length	 Mismatches	 Gap Openings	 Query Start	 Query End	 Subject Start	 Subject End	 E-Value	 Bit Score
cur7111_c00006.x	21046	DSM7109	2366079	n/a	20956	n/a	n/a	92	21046	1770236	1791191	0.0	4.125e+04
cur7111_c00006.x	21046	DSM7109	2366079	n/a	898	n/a	n/a	16803	17700	885910	886807	0.0	1765
cur7111_c00006.x	21046	DSM7109	2366079	n/a	306	n/a	n/a	15239	15544	1786096	1786401	7e-70	 265
cur7111_c00006.x	21046	DSM7109	2366079	n/a	306	n/a	n/a	15952	16257	1785383	1785688	7e-70	 265
cur7111_c00006.x	21046	DSM7109	2366079	n/a	93	n/a	n/a	1	93	813763	813855	6e-45	 182
cur7111_c00006.x	21046	DSM7109	2366079	n/a	93	n/a	n/a	1	93	1649528	1649620	6e-45	 182

#Query ID	 Query Length	 Subject ID	 Subject Length	 % Identity	 Alignment Length	 Mismatches	 Gap Openings	 Query Start	 Query End	 Subject Start	 Subject End	 E-Value	 Bit Score
cur7111_c00007.x	46708	DSM7109	2366079	n/a	46254	n/a	n/a	453	46708	250988	297241	0.0	8.862e+04
cur7111_c00007.x	46708	DSM7109	2366079	n/a	366	n/a	n/a	1	365	250554	250919	3e-136	 486
cur7111_c00007.x	46708	DSM7109	2366079	n/a	276	n/a	n/a	1	276	243559	243834	2e-122	 441

#Query ID	 Query Length	 Subject ID	 Subject Length	 % Identity	 Alignment Length	 Mismatches	 Gap Openings	 Query Start	 Query End	 Subject Start	 Subject End	 E-Value	 Bit Score
cur7111_c00008.x	69857	DSM7109	2366079	n/a	46466	n/a	n/a	46464	2	1125068	1171533	0.0	8.871e+04
cur7111_c00008.x	69857	DSM7109	2366079	n/a	46467	n/a	n/a	46465	2	1125067	1171533	0.0	8.870e+04
cur7111_c00008.x	69857	DSM7109	2366079	n/a	23399	n/a	n/a	69858	46461	1099999	1123397	0.0	4.618e+04

#Query ID	 Query Length	 Subject ID	 Subject Length	 % Identity	 Alignment Length	 Mismatches	 Gap Openings	 Query Start	 Query End	 Subject Start	 Subject End	 E-Value	 Bit Score
cur7111_c00009.x	1383	DSM7109	2366079	n/a	1261	n/a	n/a	1229	7	1510651	1511911	0.0	1820
cur7111_c00009.x	1383	DSM7109	2366079	n/a	249	n/a	n/a	1229	1000	1510651	1510899	3e-78	 289
cur7111_c00009.x	1383	DSM7109	2366079	n/a	224	n/a	n/a	1295	1091	1510650	1510873	4e-65	 245
cur7111_c00009.x	1383	DSM7109	2366079	n/a	267	n/a	n/a	1384	1156	1510626	1510892	5e-55	 211
cur7111_c00009.x	1383	DSM7109	2366079	n/a	286	n/a	n/a	1384	1091	1510626	1510911	1e-43	 174
cur7111_c00009.x	1383	DSM7109	2366079	n/a	156	n/a	n/a	1360	1224	1510715	1510870	1e-36	 150
cur7111_c00009.x	1383	DSM7109	2366079	n/a	140	n/a	n/a	1165	1007	1510650	1510789	6e-36	 148

#Query ID	 Query Length	 Subject ID	 Subject Length	 % Identity	 Alignment Length	 Mismatches	 Gap Openings	 Query Start	 Query End	 Subject Start	 Subject End	 E-Value	 Bit Score
cur7111_c00010.x	16059	DSM7109	2366079	n/a	14340	n/a	n/a	14368	5	138174	152513	0.0	2.680e+04
cur7111_c00010.x	16059	DSM7109	2366079	n/a	1602	n/a	n/a	16060	14459	136479	138080	0.0	3046

#Query ID	 Query Length	 Subject ID	 Subject Length	 % Identity	 Alignment Length	 Mismatches	 Gap Openings	 Query Start	 Query End	 Subject Start	 Subject End	 E-Value	 Bit Score
cur7111_c00028.x	19079	DSM7109	2366079	n/a	19078	n/a	n/a	1	19077	1720542	1739619	0.0	3.535e+04

#Query ID	 Query Length	 Subject ID	 Subject Length	 % Identity	 Alignment Length	 Mismatches	 Gap Openings	 Query Start	 Query End	 Subject Start	 Subject End	 E-Value	 Bit Score
cur7111_c00052.x	89523	DSM7109	2366079	n/a	40893	n/a	n/a	21888	62790	175615	216507	0.0	7.628e+04
cur7111_c00052.x	89523	DSM7109	2366079	n/a	24561	n/a	n/a	42370	66899	196085	220645	0.0	4.498e+04
cur7111_c00052.x	89523	DSM7109	2366079	n/a	20424	n/a	n/a	42369	62790	196084	216507	0.0	3.957e+04
cur7111_c00052.x	89523	DSM7109	2366079	n/a	20395	n/a	n/a	42370	62791	196085	216479	0.0	3.938e+04
cur7111_c00052.x	89523	DSM7109	2366079	n/a	20446	n/a	n/a	21888	42330	175615	196060	0.0	3.680e+04
cur7111_c00052.x	89523	DSM7109	2366079	n/a	17309	n/a	n/a	241	17487	152783	170091	0.0	3.257e+04
cur7111_c00052.x	89523	DSM7109	2366079	n/a	13810	n/a	n/a	67077	80889	220680	234489	0.0	2.511e+04
cur7111_c00052.x	89523	DSM7109	2366079	n/a	8615	n/a	n/a	80914	89522	234532	243146	0.0	1.418e+04
cur7111_c00052.x	89523	DSM7109	2366079	n/a	3307	n/a	n/a	17525	20831	171182	174488	0.0	5696
cur7111_c00052.x	89523	DSM7109	2366079	n/a	1129	n/a	n/a	241	1367	152783	153911	0.0	1550
cur7111_c00052.x	89523	DSM7109	2366079	n/a	517	n/a	n/a	89006	89522	249625	250141	0.0	 698
cur7111_c00052.x	89523	DSM7109	2366079	n/a	677	n/a	n/a	88128	88804	248747	249423	2e-111	 405
cur7111_c00052.x	89523	DSM7109	2366079	n/a	66	n/a	n/a	62670	62735	216642	216707	1e-27	 126

#Query ID	 Query Length	 Subject ID	 Subject Length	 % Identity	 Alignment Length	 Mismatches	 Gap Openings	 Query Start	 Query End	 Subject Start	 Subject End	 E-Value	 Bit Score
cur7111_c00059.x	1913	DSM7109	2366079	n/a	1395	n/a	n/a	518	1913	1868796	1870190	0.0	2694
cur7111_c00059.x	1913	DSM7109	2366079	n/a	304	n/a	n/a	1	304	1867706	1868009	1e-169	 593
cur7111_c00059.x	1913	DSM7109	2366079	n/a	79	n/a	n/a	165	243	1870258	1870336	5e-37	 152

#Query ID	 Query Length	 Subject ID	 Subject Length	 % Identity	 Alignment Length	 Mismatches	 Gap Openings	 Query Start	 Query End	 Subject Start	 Subject End	 E-Value	 Bit Score
cur7111_c00062.x	16585	DSM7109	2366079	n/a	13269	n/a	n/a	13272	2	1687626	1700894	0.0	2.484e+04
cur7111_c00062.x	16585	DSM7109	2366079	n/a	3331	n/a	n/a	16560	13230	1649665	1652995	0.0	5884

#Query ID	 Query Length	 Subject ID	 Subject Length	 % Identity	 Alignment Length	 Mismatches	 Gap Openings	 Query Start	 Query End	 Subject Start	 Subject End	 E-Value	 Bit Score
cur7111_c00064.x	983	DSM7109	2366079	n/a	982	n/a	n/a	1	983	1304689	1305670	0.0	1911
cur7111_c00064.x	983	DSM7109	2366079	n/a	981	n/a	n/a	1	983	1853213	1854193	0.0	1872
cur7111_c00064.x	983	DSM7109	2366079	n/a	981	n/a	n/a	984	2	131762	132742	0.0	1872

#Query ID	 Query Length	 Subject ID	 Subject Length	 % Identity	 Alignment Length	 Mismatches	 Gap Openings	 Query Start	 Query End	 Subject Start	 Subject End	 E-Value	 Bit Score
cur7111_c00067.x	50623	DSM7109	2366079	n/a	50624	n/a	n/a	1	50623	1306670	1357293	0.0	9.951e+04
cur7111_c00067.x	50623	DSM7109	2366079	n/a	254	n/a	n/a	253	4	130499	130752	2e-112	 407
cur7111_c00067.x	50623	DSM7109	2366079	n/a	313	n/a	n/a	313	3	130441	130753	5e-101	 370
cur7111_c00067.x	50623	DSM7109	2366079	n/a	313	n/a	n/a	1	312	1855204	1855516	2e-90	 334

#Query ID	 Query Length	 Subject ID	 Subject Length	 % Identity	 Alignment Length	 Mismatches	 Gap Openings	 Query Start	 Query End	 Subject Start	 Subject End	 E-Value	 Bit Score
cur7111_c00072.x	1492	DSM7109	2366079	n/a	1491	n/a	n/a	1493	2	356688	358178	0.0	2915
cur7111_c00072.x	1492	DSM7109	2366079	n/a	1491	n/a	n/a	1	1492	2175833	2177323	0.0	2900
cur7111_c00072.x	1492	DSM7109	2366079	n/a	1491	n/a	n/a	1	1492	2283082	2284572	0.0	2900
cur7111_c00072.x	1492	DSM7109	2366079	n/a	1491	n/a	n/a	1493	2	1123578	1125068	0.0	2900
cur7111_c00072.x	1492	DSM7109	2366079	n/a	391	n/a	n/a	1493	1102	1922029	1922419	0.0	 717

#Query ID	 Query Length	 Subject ID	 Subject Length	 % Identity	 Alignment Length	 Mismatches	 Gap Openings	 Query Start	 Query End	 Subject Start	 Subject End	 E-Value	 Bit Score
cur7111_c00079.x	289751	DSM7109	2366079	n/a	60662	n/a	n/a	39808	100446	500232	560893	0.0	1.141e+05
cur7111_c00079.x	289751	DSM7109	2366079	n/a	60662	n/a	n/a	39808	100446	500232	560893	0.0	1.141e+05
cur7111_c00079.x	289751	DSM7109	2366079	n/a	33921	n/a	n/a	255773	289751	715581	749501	0.0	6.630e+04
cur7111_c00079.x	289751	DSM7109	2366079	n/a	27962	n/a	n/a	134520	162508	595352	623313	0.0	5.205e+04
cur7111_c00079.x	289751	DSM7109	2366079	n/a	25000	n/a	n/a	185172	210195	655452	680451	0.0	4.630e+04
cur7111_c00079.x	289751	DSM7109	2366079	n/a	22353	n/a	n/a	187844	210196	658100	680452	0.0	4.179e+04
cur7111_c00079.x	289751	DSM7109	2366079	n/a	22353	n/a	n/a	187843	210195	658099	680451	0.0	4.178e+04
cur7111_c00079.x	289751	DSM7109	2366079	n/a	21185	n/a	n/a	268567	289751	728317	749501	0.0	4.170e+04
cur7111_c00079.x	289751	DSM7109	2366079	n/a	21082	n/a	n/a	221503	242560	694310	715391	0.0	4.067e+04
cur7111_c00079.x	289751	DSM7109	2366079	n/a	20605	n/a	n/a	162469	183096	632763	653367	0.0	3.807e+04
cur7111_c00079.x	289751	DSM7109	2366079	n/a	18959	n/a	n/a	164141	183096	634409	653367	0.0	3.639e+04
cur7111_c00079.x	289751	DSM7109	2366079	n/a	19573	n/a	n/a	142930	162507	603740	623312	0.0	3.596e+04
cur7111_c00079.x	289751	DSM7109	2366079	n/a	16162	n/a	n/a	113371	129530	574050	590211	0.0	3.036e+04
cur7111_c00079.x	289751	DSM7109	2366079	n/a	10321	n/a	n/a	210251	220571	683112	693432	0.0	1.979e+04
cur7111_c00079.x	289751	DSM7109	2366079	n/a	10248	n/a	n/a	102198	112446	562800	573047	0.0	1.572e+04
cur7111_c00079.x	289751	DSM7109	2366079	n/a	10247	n/a	n/a	102198	112445	562800	573046	0.0	1.572e+04
cur7111_c00079.x	289751	DSM7109	2366079	n/a	10247	n/a	n/a	102198	112445	562800	573046	0.0	1.568e+04
cur7111_c00079.x	289751	DSM7109	2366079	n/a	9652	n/a	n/a	29	9589	457500	467151	0.0	1.502e+04
cur7111_c00079.x	289751	DSM7109	2366079	n/a	6817	n/a	n/a	9699	16507	469135	475951	0.0	1.280e+04
cur7111_c00079.x	289751	DSM7109	2366079	n/a	6704	n/a	n/a	20958	27660	481250	487953	0.0	1.120e+04
cur7111_c00079.x	289751	DSM7109	2366079	n/a	6324	n/a	n/a	102198	108523	562800	569123	0.0	1.055e+04
cur7111_c00079.x	289751	DSM7109	2366079	n/a	4456	n/a	n/a	23207	27661	483499	487954	0.0	7353
cur7111_c00079.x	289751	DSM7109	2366079	n/a	4357	n/a	n/a	35212	39541	495569	499925	0.0	6825
cur7111_c00079.x	289751	DSM7109	2366079	n/a	3424	n/a	n/a	17127	20550	476634	480057	0.0	6507
cur7111_c00079.x	289751	DSM7109	2366079	n/a	3577	n/a	n/a	6015	9589	463575	467151	0.0	5558
cur7111_c00079.x	289751	DSM7109	2366079	n/a	2305	n/a	n/a	30649	32953	490861	493165	0.0	4014
cur7111_c00079.x	289751	DSM7109	2366079	n/a	1882	n/a	n/a	183174	185056	653457	655338	0.0	3362
cur7111_c00079.x	289751	DSM7109	2366079	n/a	1797	n/a	n/a	132285	134081	593123	594919	0.0	2816
cur7111_c00079.x	289751	DSM7109	2366079	n/a	1708	n/a	n/a	27828	29538	487966	489673	0.0	2702
cur7111_c00079.x	289751	DSM7109	2366079	n/a	1538	n/a	n/a	33008	34541	493220	494757	0.0	2143
cur7111_c00079.x	289751	DSM7109	2366079	n/a	1701	n/a	n/a	100497	102196	560970	562670	0.0	1480
cur7111_c00079.x	289751	DSM7109	2366079	n/a	1857	n/a	n/a	129768	131525	590573	592429	0.0	1233
cur7111_c00079.x	289751	DSM7109	2366079	n/a	1230	n/a	n/a	130299	131525	591200	592429	0.0	1057
cur7111_c00079.x	289751	DSM7109	2366079	n/a	793	n/a	n/a	100497	101288	560970	561762	0.0	 842
cur7111_c00079.x	289751	DSM7109	2366079	n/a	792	n/a	n/a	100497	101287	560970	561761	0.0	 838
cur7111_c00079.x	289751	DSM7109	2366079	n/a	789	n/a	n/a	101414	102196	561882	562670	0.0	 751
cur7111_c00079.x	289751	DSM7109	2366079	n/a	590	n/a	n/a	34619	35199	494826	495415	0.0	 719
cur7111_c00079.x	289751	DSM7109	2366079	n/a	591	n/a	n/a	34618	35199	494825	495415	0.0	 715
cur7111_c00079.x	289751	DSM7109	2366079	n/a	451	n/a	n/a	29638	30088	489785	490235	0.0	 662
cur7111_c00079.x	289751	DSM7109	2366079	n/a	484	n/a	n/a	16611	17094	476073	476556	0.0	 648
cur7111_c00079.x	289751	DSM7109	2366079	n/a	842	n/a	n/a	112454	113289	573149	573990	0.0	 644
cur7111_c00079.x	289751	DSM7109	2366079	n/a	477	n/a	n/a	30094	30559	490289	490765	8e-135	 484
cur7111_c00079.x	289751	DSM7109	2366079	n/a	161	n/a	n/a	39575	39735	499960	500120	2e-60	 237
cur7111_c00079.x	289751	DSM7109	2366079	n/a	194	n/a	n/a	29	253	457500	457693	6e-51	 206
cur7111_c00079.x	289751	DSM7109	2366079	n/a	75	n/a	n/a	268508	268582	728376	728450	2e-32	 144
cur7111_c00079.x	289751	DSM7109	2366079	n/a	75	n/a	n/a	268626	268700	728317	728391	4e-30	 136
cur7111_c00079.x	289751	DSM7109	2366079	n/a	398	n/a	n/a	130109	130479	590965	591362	3e-15	87.5

#Query ID	 Query Length	 Subject ID	 Subject Length	 % Identity	 Alignment Length	 Mismatches	 Gap Openings	 Query Start	 Query End	 Subject Start	 Subject End	 E-Value	 Bit Score
cur7111_c00091.x	541	DSM7109	2366079	n/a	293	n/a	n/a	222	514	1740010	1740302	2e-89	 324
cur7111_c00091.x	541	DSM7109	2366079	n/a	293	n/a	n/a	222	514	1924249	1924541	2e-89	 324
cur7111_c00091.x	541	DSM7109	2366079	n/a	293	n/a	n/a	515	223	1099333	1099625	6e-87	 316
cur7111_c00091.x	541	DSM7109	2366079	n/a	96	n/a	n/a	2	97	1739790	1739885	1e-40	 162
cur7111_c00091.x	541	DSM7109	2366079	n/a	96	n/a	n/a	98	3	1099750	1099845	1e-40	 162
cur7111_c00091.x	541	DSM7109	2366079	n/a	97	n/a	n/a	1	97	1924028	1924124	2e-39	 158

#Query ID	 Query Length	 Subject ID	 Subject Length	 % Identity	 Alignment Length	 Mismatches	 Gap Openings	 Query Start	 Query End	 Subject Start	 Subject End	 E-Value	 Bit Score
cur7111_c00098.x	1631	DSM7109	2366079	n/a	1626	n/a	n/a	2	1629	2014718	2016343	0.0	2862

#Query ID	 Query Length	 Subject ID	 Subject Length	 % Identity	 Alignment Length	 Mismatches	 Gap Openings	 Query Start	 Query End	 Subject Start	 Subject End	 E-Value	 Bit Score
cur7111_c00104.x	17521	DSM7109	2366079	n/a	17521	n/a	n/a	17522	2	1832207	1849727	0.0	3.453e+04
cur7111_c00104.x	17521	DSM7109	2366079	n/a	131	n/a	n/a	1	131	136233	136363	1e-67	 257
cur7111_c00104.x	17521	DSM7109	2366079	n/a	131	n/a	n/a	132	2	1301069	1301199	1e-67	 257

#Query ID	 Query Length	 Subject ID	 Subject Length	 % Identity	 Alignment Length	 Mismatches	 Gap Openings	 Query Start	 Query End	 Subject Start	 Subject End	 E-Value	 Bit Score
cur7111_c00105.x	534	DSM7109	2366079	n/a	488	n/a	n/a	47	534	2240976	2241463	0.0	 915

#Query ID	 Query Length	 Subject ID	 Subject Length	 % Identity	 Alignment Length	 Mismatches	 Gap Openings	 Query Start	 Query End	 Subject Start	 Subject End	 E-Value	 Bit Score
cur7111_c00106.x	1209	DSM7109	2366079	n/a	1009	n/a	n/a	1010	2	1706175	1707183	0.0	1969
cur7111_c00106.x	1209	DSM7109	2366079	n/a	148	n/a	n/a	1148	1001	1704588	1704735	3e-78	 289
cur7111_c00106.x	1209	DSM7109	2366079	n/a	65	n/a	n/a	1145	1209	422685	422749	2e-29	 126
cur7111_c00106.x	1209	DSM7109	2366079	n/a	64	n/a	n/a	1146	1209	40575	40638	7e-29	 125
cur7111_c00106.x	1209	DSM7109	2366079	n/a	64	n/a	n/a	1146	1209	1919375	1919438	7e-29	 125
cur7111_c00106.x	1209	DSM7109	2366079	n/a	64	n/a	n/a	1210	1147	1706113	1706176	7e-29	 125
cur7111_c00106.x	1209	DSM7109	2366079	n/a	64	n/a	n/a	1210	1147	1865200	1865263	7e-29	 125
cur7111_c00106.x	1209	DSM7109	2366079	n/a	64	n/a	n/a	1210	1147	2236699	2236762	7e-29	 125
cur7111_c00106.x	1209	DSM7109	2366079	n/a	64	n/a	n/a	1210	1147	2244571	2244634	7e-29	 125

#Query ID	 Query Length	 Subject ID	 Subject Length	 % Identity	 Alignment Length	 Mismatches	 Gap Openings	 Query Start	 Query End	 Subject Start	 Subject End	 E-Value	 Bit Score
cur7111_c00107.x	11240	DSM7109	2366079	n/a	8368	n/a	n/a	3	8368	2016544	2024911	0.0	1.395e+04
cur7111_c00107.x	11240	DSM7109	2366079	n/a	2736	n/a	n/a	8490	11224	2025034	2027769	0.0	4526

#Query ID	 Query Length	 Subject ID	 Subject Length	 % Identity	 Alignment Length	 Mismatches	 Gap Openings	 Query Start	 Query End	 Subject Start	 Subject End	 E-Value	 Bit Score
cur7111_c00112.x	7727	DSM7109	2366079	n/a	7752	n/a	n/a	7728	2	297161	304912	0.0	1.448e+04

#Query ID	 Query Length	 Subject ID	 Subject Length	 % Identity	 Alignment Length	 Mismatches	 Gap Openings	 Query Start	 Query End	 Subject Start	 Subject End	 E-Value	 Bit Score
cur7111_c00116.x	2405	DSM7109	2366079	n/a	2405	n/a	n/a	2406	2	1702192	1704596	0.0	4706

#Query ID	 Query Length	 Subject ID	 Subject Length	 % Identity	 Alignment Length	 Mismatches	 Gap Openings	 Query Start	 Query End	 Subject Start	 Subject End	 E-Value	 Bit Score
cur7111_c00118.x	60599	DSM7109	2366079	n/a	55980	n/a	n/a	115	56093	813854	869833	0.0	1.077e+05
cur7111_c00118.x	60599	DSM7109	2366079	n/a	4488	n/a	n/a	56112	60599	869927	874414	0.0	7772
cur7111_c00118.x	60599	DSM7109	2366079	n/a	115	n/a	n/a	116	2	1648180	1648294	2e-57	 225
cur7111_c00118.x	60599	DSM7109	2366079	n/a	130	n/a	n/a	132	2	812399	812528	2e-57	 225
cur7111_c00118.x	60599	DSM7109	2366079	n/a	114	n/a	n/a	116	3	908822	908935	8e-50	 200

#Query ID	 Query Length	 Subject ID	 Subject Length	 % Identity	 Alignment Length	 Mismatches	 Gap Openings	 Query Start	 Query End	 Subject Start	 Subject End	 E-Value	 Bit Score
cur7111_c00119.x	1190	DSM7109	2366079	n/a	1190	n/a	n/a	1	1190	1550244	1551433	0.0	2348
cur7111_c00119.x	1190	DSM7109	2366079	n/a	1190	n/a	n/a	1	1190	2236802	2237991	0.0	2344
cur7111_c00119.x	1190	DSM7109	2366079	n/a	1190	n/a	n/a	1191	2	31713	32902	0.0	2344
cur7111_c00119.x	1190	DSM7109	2366079	n/a	1158	n/a	n/a	1191	34	2242036	2243193	0.0	2279

#Query ID	 Query Length	 Subject ID	 Subject Length	 % Identity	 Alignment Length	 Mismatches	 Gap Openings	 Query Start	 Query End	 Subject Start	 Subject End	 E-Value	 Bit Score
cur7111_c00120.x	8540	DSM7109	2366079	n/a	8309	n/a	n/a	1	8310	1855516	1863824	0.0	1.441e+04
cur7111_c00120.x	8540	DSM7109	2366079	n/a	8310	n/a	n/a	1	8311	1855516	1863825	0.0	1.438e+04
cur7111_c00120.x	8540	DSM7109	2366079	n/a	8309	n/a	n/a	1	8310	1855516	1863824	0.0	1.438e+04
cur7111_c00120.x	8540	DSM7109	2366079	n/a	8309	n/a	n/a	1	8310	1855516	1863824	0.0	1.437e+04
cur7111_c00120.x	8540	DSM7109	2366079	n/a	242	n/a	n/a	8298	8540	1865262	1865503	9e-130	 462
cur7111_c00120.x	8540	DSM7109	2366079	n/a	182	n/a	n/a	183	2	130260	130441	3e-98	 358

#Query ID	 Query Length	 Subject ID	 Subject Length	 % Identity	 Alignment Length	 Mismatches	 Gap Openings	 Query Start	 Query End	 Subject Start	 Subject End	 E-Value	 Bit Score
cur7111_c00121.x	2975	DSM7109	2366079	n/a	2971	n/a	n/a	2976	2	1301344	1304314	0.0	5795
cur7111_c00121.x	2975	DSM7109	2366079	n/a	2972	n/a	n/a	1	2975	133121	136092	0.0	5758
cur7111_c00121.x	2975	DSM7109	2366079	n/a	2971	n/a	n/a	2976	2	1849864	1852834	0.0	5758
cur7111_c00121.x	2975	DSM7109	2366079	n/a	2972	n/a	n/a	1	2975	133121	136092	0.0	5754

#Query ID	 Query Length	 Subject ID	 Subject Length	 % Identity	 Alignment Length	 Mismatches	 Gap Openings	 Query Start	 Query End	 Subject Start	 Subject End	 E-Value	 Bit Score
cur7111_c00122.x	3235	DSM7109	2366079	n/a	3235	n/a	n/a	3236	2	2118603	2121837	0.0	6299
cur7111_c00122.x	3235	DSM7109	2366079	n/a	208	n/a	n/a	3028	3235	1864781	1864988	6e-91	 332
cur7111_c00122.x	3235	DSM7109	2366079	n/a	208	n/a	n/a	3028	3235	2244152	2244359	1e-88	 324
cur7111_c00122.x	3235	DSM7109	2366079	n/a	208	n/a	n/a	3236	3029	40850	41057	1e-88	 324
cur7111_c00122.x	3235	DSM7109	2366079	n/a	208	n/a	n/a	3236	3029	422961	423168	1e-88	 324
cur7111_c00122.x	3235	DSM7109	2366079	n/a	208	n/a	n/a	3236	3029	1919650	1919857	1e-88	 324
cur7111_c00122.x	3235	DSM7109	2366079	n/a	208	n/a	n/a	3028	3235	2236280	2236487	3e-86	 316
cur7111_c00122.x	3235	DSM7109	2366079	n/a	208	n/a	n/a	3028	3235	1705694	1705901	8e-84	 308

#Query ID	 Query Length	 Subject ID	 Subject Length	 % Identity	 Alignment Length	 Mismatches	 Gap Openings	 Query Start	 Query End	 Subject Start	 Subject End	 E-Value	 Bit Score
cur7111_c00123.x	655	DSM7109	2366079	n/a	656	n/a	n/a	1	655	812735	813390	0.0	1249
cur7111_c00123.x	655	DSM7109	2366079	n/a	655	n/a	n/a	1	655	1648501	1649155	0.0	1186

#Query ID	 Query Length	 Subject ID	 Subject Length	 % Identity	 Alignment Length	 Mismatches	 Gap Openings	 Query Start	 Query End	 Subject Start	 Subject End	 E-Value	 Bit Score
cur7111_c00125.x	49826	DSM7109	2366079	n/a	28393	n/a	n/a	49801	21405	88865	117257	0.0	5.346e+04
cur7111_c00125.x	49826	DSM7109	2366079	n/a	6176	n/a	n/a	10563	4385	119804	125979	0.0	1.071e+04
cur7111_c00125.x	49826	DSM7109	2366079	n/a	4087	n/a	n/a	4087	2	126355	130441	0.0	6493
cur7111_c00125.x	49826	DSM7109	2366079	n/a	2630	n/a	n/a	21353	18724	117333	119962	0.0	4874
cur7111_c00125.x	49826	DSM7109	2366079	n/a	173	n/a	n/a	1	171	1855516	1855688	2e-75	 285

#Query ID	 Query Length	 Subject ID	 Subject Length	 % Identity	 Alignment Length	 Mismatches	 Gap Openings	 Query Start	 Query End	 Subject Start	 Subject End	 E-Value	 Bit Score
cur7111_c00126.x	12029	DSM7109	2366079	n/a	12028	n/a	n/a	12030	2	758949	770976	0.0	2.327e+04

#Query ID	 Query Length	 Subject ID	 Subject Length	 % Identity	 Alignment Length	 Mismatches	 Gap Openings	 Query Start	 Query End	 Subject Start	 Subject End	 E-Value	 Bit Score
cur7111_c00127.x	24508	DSM7109	2366079	n/a	10243	n/a	n/a	5391	15662	1520468	1530710	0.0	1.802e+04
cur7111_c00127.x	24508	DSM7109	2366079	n/a	8756	n/a	n/a	15730	24508	1530778	1539533	0.0	1.472e+04
cur7111_c00127.x	24508	DSM7109	2366079	n/a	5349	n/a	n/a	1	5349	1515031	1520379	0.0	9734
cur7111_c00127.x	24508	DSM7109	2366079	n/a	3601	n/a	n/a	18229	21830	1533232	1536832	0.0	6422
cur7111_c00127.x	24508	DSM7109	2366079	n/a	721	n/a	n/a	5391	6111	1520468	1521188	0.0	 959

#Query ID	 Query Length	 Subject ID	 Subject Length	 % Identity	 Alignment Length	 Mismatches	 Gap Openings	 Query Start	 Query End	 Subject Start	 Subject End	 E-Value	 Bit Score
cur7111_c00130.x	15222	DSM7109	2366079	n/a	15228	n/a	n/a	15223	2	1082337	1097564	0.0	2.991e+04

#Query ID	 Query Length	 Subject ID	 Subject Length	 % Identity	 Alignment Length	 Mismatches	 Gap Openings	 Query Start	 Query End	 Subject Start	 Subject End	 E-Value	 Bit Score
cur7111_c00131.x	41460	DSM7109	2366079	n/a	9987	n/a	n/a	14117	4192	1496426	1506412	0.0	1.675e+04
cur7111_c00131.x	41460	DSM7109	2366079	n/a	5603	n/a	n/a	41461	35909	1472016	1477618	0.0	9655
cur7111_c00131.x	41460	DSM7109	2366079	n/a	3866	n/a	n/a	3871	4	1506634	1510499	0.0	6945
cur7111_c00131.x	41460	DSM7109	2366079	n/a	2302	n/a	n/a	38209	35909	1475317	1477618	0.0	3961
cur7111_c00131.x	41460	DSM7109	2366079	n/a	2176	n/a	n/a	33468	31290	1479885	1482060	0.0	3773
cur7111_c00131.x	41460	DSM7109	2366079	n/a	1751	n/a	n/a	5942	4192	1504662	1506412	0.0	2757
cur7111_c00131.x	41460	DSM7109	2366079	n/a	1112	n/a	n/a	35713	34602	1477645	1478756	0.0	1973
cur7111_c00131.x	41460	DSM7109	2366079	n/a	667	n/a	n/a	32014	31348	1509776	1510442	2e-115	 417
cur7111_c00131.x	41460	DSM7109	2366079	n/a	667	n/a	n/a	727	61	1481339	1482005	2e-112	 407
cur7111_c00131.x	41460	DSM7109	2366079	n/a	101	n/a	n/a	41461	41361	1471632	1471732	1e-29	 132

#Query ID	 Query Length	 Subject ID	 Subject Length	 % Identity	 Alignment Length	 Mismatches	 Gap Openings	 Query Start	 Query End	 Subject Start	 Subject End	 E-Value	 Bit Score
cur7111_c00132.x	4396	DSM7109	2366079	n/a	2499	n/a	n/a	1	2500	243559	246057	0.0	3178
cur7111_c00132.x	4396	DSM7109	2366079	n/a	1865	n/a	n/a	2533	4396	248278	250142	0.0	3121
cur7111_c00132.x	4396	DSM7109	2366079	n/a	518	n/a	n/a	3879	4396	242630	243147	0.0	 708
cur7111_c00132.x	4396	DSM7109	2366079	n/a	275	n/a	n/a	1	275	250554	250828	1e-124	 445

#Query ID	 Query Length	 Subject ID	 Subject Length	 % Identity	 Alignment Length	 Mismatches	 Gap Openings	 Query Start	 Query End	 Subject Start	 Subject End	 E-Value	 Bit Score
cur7111_c00136.x	3617	DSM7109	2366079	n/a	1853	n/a	n/a	1834	2	2116680	2118532	0.0	3068
cur7111_c00136.x	3617	DSM7109	2366079	n/a	542	n/a	n/a	3615	3083	2116060	2116601	0.0	 706
cur7111_c00136.x	3617	DSM7109	2366079	n/a	206	n/a	n/a	207	2	422685	422890	5e-101	 366
cur7111_c00136.x	3617	DSM7109	2366079	n/a	205	n/a	n/a	1	205	2236558	2236762	5e-98	 356
cur7111_c00136.x	3617	DSM7109	2366079	n/a	205	n/a	n/a	206	2	40575	40779	5e-98	 356
cur7111_c00136.x	3617	DSM7109	2366079	n/a	205	n/a	n/a	1	205	1865059	1865263	1e-95	 348
cur7111_c00136.x	3617	DSM7109	2366079	n/a	202	n/a	n/a	206	5	1919375	1919576	1e-95	 348
cur7111_c00136.x	3617	DSM7109	2366079	n/a	205	n/a	n/a	1	205	2244430	2244634	3e-93	 340
cur7111_c00136.x	3617	DSM7109	2366079	n/a	202	n/a	n/a	4	205	1705975	1706176	7e-91	 332

#Query ID	 Query Length	 Subject ID	 Subject Length	 % Identity	 Alignment Length	 Mismatches	 Gap Openings	 Query Start	 Query End	 Subject Start	 Subject End	 E-Value	 Bit Score
cur7111_c00137.x	6927	DSM7109	2366079	n/a	3218	n/a	n/a	1	3193	1543317	1546534	0.0	6177
cur7111_c00137.x	6927	DSM7109	2366079	n/a	79	n/a	n/a	6769	6847	1551685	1551763	2e-36	 152

#Query ID	 Query Length	 Subject ID	 Subject Length	 % Identity	 Alignment Length	 Mismatches	 Gap Openings	 Query Start	 Query End	 Subject Start	 Subject End	 E-Value	 Bit Score
cur7111_c00139.x	32131	DSM7109	2366079	n/a	28481	n/a	n/a	32132	3706	1793824	1822304	0.0	5.587e+04
cur7111_c00139.x	32131	DSM7109	2366079	n/a	11880	n/a	n/a	15568	3706	1810425	1822304	0.0	2.331e+04
cur7111_c00139.x	32131	DSM7109	2366079	n/a	1470	n/a	n/a	29999	28530	886800	888269	0.0	2901
cur7111_c00139.x	32131	DSM7109	2366079	n/a	98	n/a	n/a	27084	26987	888260	888357	3e-45	 184

#Query ID	 Query Length	 Subject ID	 Subject Length	 % Identity	 Alignment Length	 Mismatches	 Gap Openings	 Query Start	 Query End	 Subject Start	 Subject End	 E-Value	 Bit Score
cur7111_c00140.x	41560	DSM7109	2366079	n/a	41451	n/a	n/a	41535	88	770970	812420	0.0	8.020e+04
cur7111_c00140.x	41560	DSM7109	2366079	n/a	41451	n/a	n/a	41535	88	770970	812420	0.0	8.020e+04
cur7111_c00140.x	41560	DSM7109	2366079	n/a	41452	n/a	n/a	41536	88	770969	812420	0.0	8.018e+04
cur7111_c00140.x	41560	DSM7109	2366079	n/a	41444	n/a	n/a	41535	94	770970	812413	0.0	8.017e+04
cur7111_c00140.x	41560	DSM7109	2366079	n/a	102	n/a	n/a	7	107	813769	813870	3e-42	 174
cur7111_c00140.x	41560	DSM7109	2366079	n/a	107	n/a	n/a	7	109	1649534	1649640	1e-32	 142

#Query ID	 Query Length	 Subject ID	 Subject Length	 % Identity	 Alignment Length	 Mismatches	 Gap Openings	 Query Start	 Query End	 Subject Start	 Subject End	 E-Value	 Bit Score
cur7111_c00143.x	62857	DSM7109	2366079	n/a	62860	n/a	n/a	62858	2	1019475	1082334	0.0	1.227e+05

#Query ID	 Query Length	 Subject ID	 Subject Length	 % Identity	 Alignment Length	 Mismatches	 Gap Openings	 Query Start	 Query End	 Subject Start	 Subject End	 E-Value	 Bit Score
cur7111_c00145.x	922	DSM7109	2366079	n/a	922	n/a	n/a	923	2	1825991	1826912	0.0	1822
cur7111_c00145.x	922	DSM7109	2366079	n/a	922	n/a	n/a	923	2	1831285	1832206	0.0	1799

#Query ID	 Query Length	 Subject ID	 Subject Length	 % Identity	 Alignment Length	 Mismatches	 Gap Openings	 Query Start	 Query End	 Subject Start	 Subject End	 E-Value	 Bit Score
cur7111_c00147.x	48109	DSM7109	2366079	n/a	35410	n/a	n/a	12702	48109	1883966	1919375	0.0	6.947e+04
cur7111_c00147.x	48109	DSM7109	2366079	n/a	11600	n/a	n/a	1017	12611	1870882	1882481	0.0	2.134e+04
cur7111_c00147.x	48109	DSM7109	2366079	n/a	684	n/a	n/a	1	682	1870189	1870872	0.0	1174
cur7111_c00147.x	48109	DSM7109	2366079	n/a	79	n/a	n/a	68	146	1867870	1867948	1e-35	 152

#Query ID	 Query Length	 Subject ID	 Subject Length	 % Identity	 Alignment Length	 Mismatches	 Gap Openings	 Query Start	 Query End	 Subject Start	 Subject End	 E-Value	 Bit Score
cur7111_c00149.x	685	DSM7109	2366079	n/a	685	n/a	n/a	1	685	1882935	1883619	0.0	1346
cur7111_c00149.x	685	DSM7109	2366079	n/a	685	n/a	n/a	1	685	1981820	1982504	0.0	1346
cur7111_c00149.x	685	DSM7109	2366079	n/a	685	n/a	n/a	686	2	352866	353550	0.0	1338
cur7111_c00149.x	685	DSM7109	2366079	n/a	685	n/a	n/a	686	2	623628	624312	0.0	1330
cur7111_c00149.x	685	DSM7109	2366079	n/a	685	n/a	n/a	1	685	749941	750625	0.0	1299
cur7111_c00149.x	685	DSM7109	2366079	n/a	685	n/a	n/a	1	685	1742917	1743601	0.0	1299
cur7111_c00149.x	685	DSM7109	2366079	n/a	685	n/a	n/a	1	685	2238655	2239339	0.0	1283
cur7111_c00149.x	685	DSM7109	2366079	n/a	110	n/a	n/a	576	685	1865900	1866009	2e-49	 192
cur7111_c00149.x	685	DSM7109	2366079	n/a	213	n/a	n/a	686	474	2179210	2179422	9e-49	 190

#Query ID	 Query Length	 Subject ID	 Subject Length	 % Identity	 Alignment Length	 Mismatches	 Gap Openings	 Query Start	 Query End	 Subject Start	 Subject End	 E-Value	 Bit Score
cur7111_c00150.x	4372	DSM7109	2366079	n/a	4372	n/a	n/a	4373	2	1826913	1831284	0.0	8617

#Query ID	 Query Length	 Subject ID	 Subject Length	 % Identity	 Alignment Length	 Mismatches	 Gap Openings	 Query Start	 Query End	 Subject Start	 Subject End	 E-Value	 Bit Score
cur7111_c00151.x	1142	DSM7109	2366079	n/a	1142	n/a	n/a	1	1142	42516	43657	0.0	2085
cur7111_c00151.x	1142	DSM7109	2366079	n/a	1142	n/a	n/a	1	1142	2239595	2240736	0.0	2085
cur7111_c00151.x	1142	DSM7109	2366079	n/a	1142	n/a	n/a	1143	2	340753	341894	0.0	2085
cur7111_c00151.x	1142	DSM7109	2366079	n/a	1142	n/a	n/a	1143	2	2179182	2180323	0.0	1998
cur7111_c00151.x	1142	DSM7109	2366079	n/a	560	n/a	n/a	580	1139	1865475	1866034	1e-64	 243

#Query ID	 Query Length	 Subject ID	 Subject Length	 % Identity	 Alignment Length	 Mismatches	 Gap Openings	 Query Start	 Query End	 Subject Start	 Subject End	 E-Value	 Bit Score
cur7111_c00152.x	95704	DSM7109	2366079	n/a	76901	n/a	n/a	76909	2	1190306	1267206	0.0	1.449e+05
cur7111_c00152.x	95704	DSM7109	2366079	n/a	76901	n/a	n/a	76909	2	1190306	1267206	0.0	1.449e+05
cur7111_c00152.x	95704	DSM7109	2366079	n/a	44811	n/a	n/a	44812	2	1222396	1267206	0.0	8.453e+04
cur7111_c00152.x	95704	DSM7109	2366079	n/a	17799	n/a	n/a	95705	77908	1171534	1189332	0.0	3.425e+04
cur7111_c00152.x	95704	DSM7109	2366079	n/a	814	n/a	n/a	77790	76977	1189425	1190238	0.0	1016

#Query ID	 Query Length	 Subject ID	 Subject Length	 % Identity	 Alignment Length	 Mismatches	 Gap Openings	 Query Start	 Query End	 Subject Start	 Subject End	 E-Value	 Bit Score
cur7111_c00156.x	40840	DSM7109	2366079	n/a	26447	n/a	n/a	29327	2913	2255180	2281626	0.0	4.689e+04
cur7111_c00156.x	40840	DSM7109	2366079	n/a	3871	n/a	n/a	33181	29310	2250848	2254718	0.0	7064
cur7111_c00156.x	40840	DSM7109	2366079	n/a	2495	n/a	n/a	36521	34027	2248305	2250799	0.0	4597
cur7111_c00156.x	40840	DSM7109	2366079	n/a	2214	n/a	n/a	40471	38264	2244673	2246886	0.0	3311
cur7111_c00156.x	40840	DSM7109	2366079	n/a	1386	n/a	n/a	38167	36782	2246920	2248305	0.0	2585
cur7111_c00156.x	40840	DSM7109	2366079	n/a	77	n/a	n/a	29324	29248	2253355	2253431	2e-34	 148
cur7111_c00156.x	40840	DSM7109	2366079	n/a	77	n/a	n/a	30673	30597	2255183	2255259	2e-34	 148
cur7111_c00156.x	40840	DSM7109	2366079	n/a	451	n/a	n/a	2762	2257	2281786	2282236	1e-10	69.7

#Query ID	 Query Length	 Subject ID	 Subject Length	 % Identity	 Alignment Length	 Mismatches	 Gap Openings	 Query Start	 Query End	 Subject Start	 Subject End	 E-Value	 Bit Score
cur7111_c00157.x	3612	DSM7109	2366079	n/a	3612	n/a	n/a	3613	2	1539502	1543113	0.0	7084

#Query ID	 Query Length	 Subject ID	 Subject Length	 % Identity	 Alignment Length	 Mismatches	 Gap Openings	 Query Start	 Query End	 Subject Start	 Subject End	 E-Value	 Bit Score
cur7111_c00158.x	12116	DSM7109	2366079	n/a	12109	n/a	n/a	12116	2	1708483	1720591	0.0	2.240e+04
cur7111_c00158.x	12116	DSM7109	2366079	n/a	12108	n/a	n/a	12115	2	1708484	1720591	0.0	2.237e+04
cur7111_c00158.x	12116	DSM7109	2366079	n/a	12109	n/a	n/a	12116	2	1708483	1720591	0.0	2.236e+04

#Query ID	 Query Length	 Subject ID	 Subject Length	 % Identity	 Alignment Length	 Mismatches	 Gap Openings	 Query Start	 Query End	 Subject Start	 Subject End	 E-Value	 Bit Score
cur7111_c00159.x	1298	DSM7109	2366079	n/a	1297	n/a	n/a	1299	2	1700895	1702191	0.0	2502
cur7111_c00159.x	1298	DSM7109	2366079	n/a	1297	n/a	n/a	1299	2	1707185	1708481	0.0	2500

#Query ID	 Query Length	 Subject ID	 Subject Length	 % Identity	 Alignment Length	 Mismatches	 Gap Openings	 Query Start	 Query End	 Subject Start	 Subject End	 E-Value	 Bit Score
cur7111_c00160.x	1415	DSM7109	2366079	n/a	1246	n/a	n/a	1416	190	1920614	1921859	0.0	2307
cur7111_c00160.x	1415	DSM7109	2366079	n/a	204	n/a	n/a	1212	1415	1704734	1704937	5e-105	 378
cur7111_c00160.x	1415	DSM7109	2366079	n/a	204	n/a	n/a	1212	1415	1863821	1864024	1e-102	 370
cur7111_c00160.x	1415	DSM7109	2366079	n/a	204	n/a	n/a	1212	1415	2235320	2235523	3e-100	 362
cur7111_c00160.x	1415	DSM7109	2366079	n/a	204	n/a	n/a	1212	1415	2243192	2243395	7e-98	 354
cur7111_c00160.x	1415	DSM7109	2366079	n/a	204	n/a	n/a	1416	1213	41814	42017	2e-95	 346
cur7111_c00160.x	1415	DSM7109	2366079	n/a	204	n/a	n/a	1416	1213	2125566	2125769	4e-93	 338
cur7111_c00160.x	1415	DSM7109	2366079	n/a	204	n/a	n/a	1416	1213	423925	424128	2e-92	 336
cur7111_c00160.x	1415	DSM7109	2366079	n/a	183	n/a	n/a	1	183	2177324	2177506	9e-85	 310
cur7111_c00160.x	1415	DSM7109	2366079	n/a	182	n/a	n/a	1	182	2284573	2284754	4e-84	 308
cur7111_c00160.x	1415	DSM7109	2366079	n/a	184	n/a	n/a	185	2	356504	356687	1e-80	 296
cur7111_c00160.x	1415	DSM7109	2366079	n/a	182	n/a	n/a	183	2	1123396	1123577	2e-79	 293

#Query ID	 Query Length	 Subject ID	 Subject Length	 % Identity	 Alignment Length	 Mismatches	 Gap Openings	 Query Start	 Query End	 Subject Start	 Subject End	 E-Value	 Bit Score
cur7111_c00161.x	33816	DSM7109	2366079	n/a	33822	n/a	n/a	33817	2	1267207	1301028	0.0	6.599e+04

#Query ID	 Query Length	 Subject ID	 Subject Length	 % Identity	 Alignment Length	 Mismatches	 Gap Openings	 Query Start	 Query End	 Subject Start	 Subject End	 E-Value	 Bit Score
cur7111_c00162.x	140810	DSM7109	2366079	n/a	40759	n/a	n/a	50275	91035	924173	964931	0.0	7.269e+04
cur7111_c00162.x	140810	DSM7109	2366079	n/a	25479	n/a	n/a	91032	116510	969693	995171	0.0	4.757e+04
cur7111_c00162.x	140810	DSM7109	2366079	n/a	24223	n/a	n/a	116597	140810	995255	1019477	0.0	4.531e+04
cur7111_c00162.x	140810	DSM7109	2366079	n/a	24223	n/a	n/a	116597	140810	995255	1019477	0.0	4.528e+04
cur7111_c00162.x	140810	DSM7109	2366079	n/a	13229	n/a	n/a	14224	27446	891058	904286	0.0	2.332e+04
cur7111_c00162.x	140810	DSM7109	2366079	n/a	13740	n/a	n/a	33789	47533	910258	923997	0.0	2.321e+04
cur7111_c00162.x	140810	DSM7109	2366079	n/a	13247	n/a	n/a	34288	47534	910752	923998	0.0	2.263e+04
cur7111_c00162.x	140810	DSM7109	2366079	n/a	11505	n/a	n/a	1	11504	874407	885911	0.0	2.099e+04
cur7111_c00162.x	140810	DSM7109	2366079	n/a	11505	n/a	n/a	1	11504	874407	885911	0.0	2.098e+04
cur7111_c00162.x	140810	DSM7109	2366079	n/a	4580	n/a	n/a	29215	33795	904245	908824	0.0	8687
cur7111_c00162.x	140810	DSM7109	2366079	n/a	1135	n/a	n/a	12448	13580	889283	890417	0.0	1261
cur7111_c00162.x	140810	DSM7109	2366079	n/a	905	n/a	n/a	11506	12410	888357	889261	0.0	1227
cur7111_c00162.x	140810	DSM7109	2366079	n/a	310	n/a	n/a	13666	13975	890503	890812	2e-99	 366
cur7111_c00162.x	140810	DSM7109	2366079	n/a	76	n/a	n/a	45886	45961	923920	923995	2e-33	 146
cur7111_c00162.x	140810	DSM7109	2366079	n/a	76	n/a	n/a	47456	47531	922350	922425	2e-33	 146

#Query ID	 Query Length	 Subject ID	 Subject Length	 % Identity	 Alignment Length	 Mismatches	 Gap Openings	 Query Start	 Query End	 Subject Start	 Subject End	 E-Value	 Bit Score
cur7111_c00164.x	2645	DSM7109	2366079	n/a	2718	n/a	n/a	1	2645	1511895	1514612	0.0	4344
cur7111_c00164.x	2645	DSM7109	2366079	n/a	414	n/a	n/a	1	380	1511895	1512308	2e-124	 443
cur7111_c00164.x	2645	DSM7109	2366079	n/a	75	n/a	n/a	2566	2640	1514815	1514889	1e-28	 125

#Query ID	 Query Length	 Subject ID	 Subject Length	 % Identity	 Alignment Length	 Mismatches	 Gap Openings	 Query Start	 Query End	 Subject Start	 Subject End	 E-Value	 Bit Score
cur7111_c00166.x	578	DSM7109	2366079	n/a	577	n/a	n/a	1	578	1306093	1306669	0.0	1127
cur7111_c00166.x	578	DSM7109	2366079	n/a	586	n/a	n/a	579	2	130754	131339	0.0	 949
cur7111_c00166.x	578	DSM7109	2366079	n/a	588	n/a	n/a	1	578	1854616	1855203	0.0	 933

#Query ID	 Query Length	 Subject ID	 Subject Length	 % Identity	 Alignment Length	 Mismatches	 Gap Openings	 Query Start	 Query End	 Subject Start	 Subject End	 E-Value	 Bit Score
cur7111_c00170.x	114143	DSM7109	2366079	n/a	75538	n/a	n/a	114130	38595	1357284	1432821	0.0	1.473e+05
cur7111_c00170.x	114143	DSM7109	2366079	n/a	25492	n/a	n/a	38392	12885	1433022	1458513	0.0	4.680e+04
cur7111_c00170.x	114143	DSM7109	2366079	n/a	25590	n/a	n/a	38490	12885	1432924	1458513	0.0	4.680e+04
cur7111_c00170.x	114143	DSM7109	2366079	n/a	25581	n/a	n/a	38392	12796	1433022	1458602	0.0	4.675e+04
cur7111_c00170.x	114143	DSM7109	2366079	n/a	7907	n/a	n/a	12722	4822	1458675	1466581	0.0	1.463e+04
cur7111_c00170.x	114143	DSM7109	2366079	n/a	4777	n/a	n/a	4804	51	1466678	1471454	0.0	8410

#Query ID	 Query Length	 Subject ID	 Subject Length	 % Identity	 Alignment Length	 Mismatches	 Gap Openings	 Query Start	 Query End	 Subject Start	 Subject End	 E-Value	 Bit Score
cur7111_c00172.x	104689	DSM7109	2366079	n/a	15753	n/a	n/a	75940	91681	428936	444688	0.0	3.029e+04
cur7111_c00172.x	104689	DSM7109	2366079	n/a	11295	n/a	n/a	12975	24269	367418	378712	0.0	2.167e+04
cur7111_c00172.x	104689	DSM7109	2366079	n/a	10805	n/a	n/a	25466	36256	379820	390624	0.0	2.020e+04
cur7111_c00172.x	104689	DSM7109	2366079	n/a	10805	n/a	n/a	25466	36256	379820	390624	0.0	2.006e+04
cur7111_c00172.x	104689	DSM7109	2366079	n/a	10378	n/a	n/a	93351	103726	445386	455763	0.0	1.876e+04
cur7111_c00172.x	104689	DSM7109	2366079	n/a	9204	n/a	n/a	2496	11698	358177	367380	0.0	1.781e+04
cur7111_c00172.x	104689	DSM7109	2366079	n/a	7646	n/a	n/a	36560	44208	390847	398492	0.0	1.448e+04
cur7111_c00172.x	104689	DSM7109	2366079	n/a	2295	n/a	n/a	1	2241	354008	356302	0.0	4117
cur7111_c00172.x	104689	DSM7109	2366079	n/a	2241	n/a	n/a	1	2295	354008	356248	0.0	4117
cur7111_c00172.x	104689	DSM7109	2366079	n/a	1386	n/a	n/a	44296	45667	424167	425552	0.0	1836
cur7111_c00172.x	104689	DSM7109	2366079	n/a	1175	n/a	n/a	45725	46899	425682	426856	0.0	1745
cur7111_c00172.x	104689	DSM7109	2366079	n/a	1090	n/a	n/a	74209	75292	427194	428283	0.0	1609
cur7111_c00172.x	104689	DSM7109	2366079	n/a	889	n/a	n/a	103801	104689	456563	457451	0.0	1510
cur7111_c00172.x	104689	DSM7109	2366079	n/a	821	n/a	n/a	48172	47352	1648181	1649001	0.0	1273
cur7111_c00172.x	104689	DSM7109	2366079	n/a	821	n/a	n/a	48172	47352	812415	813235	0.0	1241
cur7111_c00172.x	104689	DSM7109	2366079	n/a	946	n/a	n/a	103801	104684	456563	457508	0.0	1233
cur7111_c00172.x	104689	DSM7109	2366079	n/a	691	n/a	n/a	24425	25115	378836	379526	0.0	 951
cur7111_c00172.x	104689	DSM7109	2366079	n/a	252	n/a	n/a	75554	75804	428548	428799	2e-105	 385
cur7111_c00172.x	104689	DSM7109	2366079	n/a	209	n/a	n/a	25191	25399	379605	379813	1e-65	 253
cur7111_c00172.x	104689	DSM7109	2366079	n/a	336	n/a	n/a	48172	47837	908823	909158	7e-61	 237
cur7111_c00172.x	104689	DSM7109	2366079	n/a	195	n/a	n/a	92827	93021	444820	445014	2e-54	 215
cur7111_c00172.x	104689	DSM7109	2366079	n/a	319	n/a	n/a	92689	93021	444696	445014	3e-32	 142

#Query ID	 Query Length	 Subject ID	 Subject Length	 % Identity	 Alignment Length	 Mismatches	 Gap Openings	 Query Start	 Query End	 Subject Start	 Subject End	 E-Value	 Bit Score
cur7111_c00173.x	88121	DSM7109	2366079	n/a	56298	n/a	n/a	1	56248	1925068	1981365	0.0	1.099e+05
cur7111_c00173.x	88121	DSM7109	2366079	n/a	48736	n/a	n/a	7513	56248	1932630	1981365	0.0	9.598e+04
cur7111_c00173.x	88121	DSM7109	2366079	n/a	31887	n/a	n/a	56239	88121	1982748	2014634	0.0	6.220e+04
cur7111_c00173.x	88121	DSM7109	2366079	n/a	5775	n/a	n/a	1	5737	1925068	1930842	0.0	1.112e+04
cur7111_c00173.x	88121	DSM7109	2366079	n/a	173	n/a	n/a	174	2	1098634	1098806	2e-89	 332
cur7111_c00173.x	88121	DSM7109	2366079	n/a	173	n/a	n/a	1	173	1740829	1741001	4e-87	 324

#Query ID	 Query Length	 Subject ID	 Subject Length	 % Identity	 Alignment Length	 Mismatches	 Gap Openings	 Query Start	 Query End	 Subject Start	 Subject End	 E-Value	 Bit Score
cur7111_c00174.x	102511	DSM7109	2366079	n/a	19293	n/a	n/a	30665	49960	2155106	2174398	0.0	3.401e+04
cur7111_c00174.x	102511	DSM7109	2366079	n/a	12748	n/a	n/a	7012	19743	2132467	2145214	0.0	2.242e+04
cur7111_c00174.x	102511	DSM7109	2366079	n/a	13527	n/a	n/a	51582	65128	2180510	2194036	0.0	2.152e+04
cur7111_c00174.x	102511	DSM7109	2366079	n/a	9451	n/a	n/a	20796	30244	2145261	2154711	0.0	1.810e+04
cur7111_c00174.x	102511	DSM7109	2366079	n/a	8921	n/a	n/a	93630	102471	2226386	2235306	0.0	1.495e+04
cur7111_c00174.x	102511	DSM7109	2366079	n/a	7726	n/a	n/a	94781	102471	2227581	2235306	0.0	1.344e+04
cur7111_c00174.x	102511	DSM7109	2366079	n/a	6994	n/a	n/a	1	6994	2125474	2132467	0.0	1.261e+04
cur7111_c00174.x	102511	DSM7109	2366079	n/a	6872	n/a	n/a	65159	72033	2194049	2200920	0.0	1.226e+04
cur7111_c00174.x	102511	DSM7109	2366079	n/a	4965	n/a	n/a	80503	85446	2207355	2212319	0.0	8742
cur7111_c00174.x	102511	DSM7109	2366079	n/a	4572	n/a	n/a	88847	93512	2219033	2223604	0.0	7566
cur7111_c00174.x	102511	DSM7109	2366079	n/a	3814	n/a	n/a	88846	92731	2219032	2222845	0.0	6758
cur7111_c00174.x	102511	DSM7109	2366079	n/a	2146	n/a	n/a	86504	88648	2212527	2214672	0.0	3933
cur7111_c00174.x	102511	DSM7109	2366079	n/a	2839	n/a	n/a	77233	80086	2204121	2206959	0.0	3445
cur7111_c00174.x	102511	DSM7109	2366079	n/a	2839	n/a	n/a	77233	80086	2204121	2206959	0.0	3437
cur7111_c00174.x	102511	DSM7109	2366079	n/a	1342	n/a	n/a	50046	51387	2174472	2175813	0.0	2484
cur7111_c00174.x	102511	DSM7109	2366079	n/a	291	n/a	n/a	297	6	1704734	1705024	8e-139	 496
cur7111_c00174.x	102511	DSM7109	2366079	n/a	291	n/a	n/a	297	6	1863821	1864111	1e-131	 472
cur7111_c00174.x	102511	DSM7109	2366079	n/a	291	n/a	n/a	5	296	41727	42017	3e-129	 464
cur7111_c00174.x	102511	DSM7109	2366079	n/a	292	n/a	n/a	298	6	2235319	2235610	4e-125	 451
cur7111_c00174.x	102511	DSM7109	2366079	n/a	291	n/a	n/a	5	296	1920527	1920817	4e-122	 441
cur7111_c00174.x	102511	DSM7109	2366079	n/a	291	n/a	n/a	297	6	2243192	2243482	4e-122	 441
cur7111_c00174.x	102511	DSM7109	2366079	n/a	501	n/a	n/a	92794	93255	2222908	2223408	9e-120	 433
cur7111_c00174.x	102511	DSM7109	2366079	n/a	291	n/a	n/a	5	296	423838	424128	5e-115	 417
cur7111_c00174.x	102511	DSM7109	2366079	n/a	115	n/a	n/a	85522	85636	2212418	2212532	2e-54	 215

#Query ID	 Query Length	 Subject ID	 Subject Length	 % Identity	 Alignment Length	 Mismatches	 Gap Openings	 Query Start	 Query End	 Subject Start	 Subject End	 E-Value	 Bit Score
cur7111_c00175.x	1953	DSM7109	2366079	n/a	1943	n/a	n/a	1945	2	1791881	1793823	0.0	3817
cur7111_c00175.x	1953	DSM7109	2366079	n/a	819	n/a	n/a	1	819	1791192	1792010	0.0	1617
cur7111_c00175.x	1953	DSM7109	2366079	n/a	130	n/a	n/a	1814	1944	1793005	1793134	3e-63	 239

#Query ID	 Query Length	 Subject ID	 Subject Length	 % Identity	 Alignment Length	 Mismatches	 Gap Openings	 Query Start	 Query End	 Subject Start	 Subject End	 E-Value	 Bit Score
cur7111_c00178.x	51947	DSM7109	2366079	n/a	14416	n/a	n/a	34676	20262	2305276	2319691	0.0	2.653e+04
cur7111_c00178.x	51947	DSM7109	2366079	n/a	15096	n/a	n/a	50877	35762	2289259	2304354	0.0	2.416e+04
cur7111_c00178.x	51947	DSM7109	2366079	n/a	10134	n/a	n/a	20196	10094	2319757	2329890	0.0	1.807e+04
cur7111_c00178.x	51947	DSM7109	2366079	n/a	9308	n/a	n/a	50877	41571	2289259	2298566	0.0	1.423e+04
cur7111_c00178.x	51947	DSM7109	2366079	n/a	9309	n/a	n/a	50878	41571	2289258	2298566	0.0	1.423e+04
cur7111_c00178.x	51947	DSM7109	2366079	n/a	5994	n/a	n/a	10172	4179	2330245	2336238	0.0	1.110e+04
cur7111_c00178.x	51947	DSM7109	2366079	n/a	3182	n/a	n/a	4186	990	2336303	2339484	0.0	3449
cur7111_c00178.x	51947	DSM7109	2366079	n/a	868	n/a	n/a	35664	34797	2304358	2305225	0.0	1484
cur7111_c00178.x	51947	DSM7109	2366079	n/a	265	n/a	n/a	1352	1088	2340790	2341054	2e-84	 314
cur7111_c00178.x	51947	DSM7109	2366079	n/a	275	n/a	n/a	1351	1077	2339393	2339667	1e-79	 298
cur7111_c00178.x	51947	DSM7109	2366079	n/a	361	n/a	n/a	1359	990	2340522	2340882	1e-38	 162
cur7111_c00178.x	51947	DSM7109	2366079	n/a	119	n/a	n/a	12362	12244	2328358	2328476	3e-36	 154
cur7111_c00178.x	51947	DSM7109	2366079	n/a	327	n/a	n/a	1316	981	2338906	2339232	4e-23	 111

#Query ID	 Query Length	 Subject ID	 Subject Length	 % Identity	 Alignment Length	 Mismatches	 Gap Openings	 Query Start	 Query End	 Subject Start	 Subject End	 E-Value	 Bit Score
cur7111_c00180.x	81014	DSM7109	2366079	n/a	48773	n/a	n/a	2489	51259	2029997	2078769	0.0	8.877e+04
cur7111_c00180.x	81014	DSM7109	2366079	n/a	15906	n/a	n/a	56571	72450	2091019	2106924	0.0	2.789e+04
cur7111_c00180.x	81014	DSM7109	2366079	n/a	6590	n/a	n/a	74357	80966	2108830	2115419	0.0	1.268e+04
cur7111_c00180.x	81014	DSM7109	2366079	n/a	5185	n/a	n/a	51371	56536	2078884	2084068	0.0	9714
cur7111_c00180.x	81014	DSM7109	2366079	n/a	1598	n/a	n/a	72633	74230	2107096	2108693	0.0	2374
cur7111_c00180.x	81014	DSM7109	2366079	n/a	1009	n/a	n/a	1353	2361	2028838	2029846	0.0	1107
cur7111_c00180.x	81014	DSM7109	2366079	n/a	482	n/a	n/a	51371	51915	2078884	2079365	0.0	 674

#Query ID	 Query Length	 Subject ID	 Subject Length	 % Identity	 Alignment Length	 Mismatches	 Gap Openings	 Query Start	 Query End	 Subject Start	 Subject End	 E-Value	 Bit Score
cur7111_c00181.x	3993	DSM7109	2366079	n/a	3993	n/a	n/a	1	3993	1551624	1555616	0.0	7855
cur7111_c00181.x	3993	DSM7109	2366079	n/a	79	n/a	n/a	62	140	1550086	1550164	1e-36	 152

#Query ID	 Query Length	 Subject ID	 Subject Length	 % Identity	 Alignment Length	 Mismatches	 Gap Openings	 Query Start	 Query End	 Subject Start	 Subject End	 E-Value	 Bit Score
cur7111_c00182.x	35365	DSM7109	2366079	n/a	11247	n/a	n/a	21715	10468	2354833	2366079	0.0	2.186e+04
cur7111_c00182.x	35365	DSM7109	2366079	n/a	10447	n/a	n/a	10467	21	1	10447	0.0	1.986e+04
cur7111_c00182.x	35365	DSM7109	2366079	n/a	9310	n/a	n/a	35207	25885	2341499	2350808	0.0	1.482e+04
cur7111_c00182.x	35365	DSM7109	2366079	n/a	1047	n/a	n/a	34875	33826	2341120	2342166	0.0	1010
cur7111_c00182.x	35365	DSM7109	2366079	n/a	435	n/a	n/a	35238	34804	2342179	2342613	5e-75	 283
cur7111_c00182.x	35365	DSM7109	2366079	n/a	348	n/a	n/a	34164	33814	2341120	2341467	4e-69	 263
cur7111_c00182.x	35365	DSM7109	2366079	n/a	240	n/a	n/a	34961	34722	2342456	2342695	2e-30	 134

#Query ID	 Query Length	 Subject ID	 Subject Length	 % Identity	 Alignment Length	 Mismatches	 Gap Openings	 Query Start	 Query End	 Subject Start	 Subject End	 E-Value	 Bit Score
cur7111_c00183.x	105278	DSM7109	2366079	n/a	48843	n/a	n/a	89332	40453	1571508	1620350	0.0	8.787e+04
cur7111_c00183.x	105278	DSM7109	2366079	n/a	39366	n/a	n/a	105279	65910	1555564	1594929	0.0	7.452e+04
cur7111_c00183.x	105278	DSM7109	2366079	n/a	24167	n/a	n/a	39328	15206	1622062	1646228	0.0	4.601e+04
cur7111_c00183.x	105278	DSM7109	2366079	n/a	25276	n/a	n/a	65707	40431	1595099	1620374	0.0	4.411e+04
cur7111_c00183.x	105278	DSM7109	2366079	n/a	25253	n/a	n/a	65707	40452	1595099	1620351	0.0	4.406e+04
cur7111_c00183.x	105278	DSM7109	2366079	n/a	25252	n/a	n/a	65707	40453	1595099	1620350	0.0	4.405e+04
cur7111_c00183.x	105278	DSM7109	2366079	n/a	14125	n/a	n/a	29330	15206	1632104	1646228	0.0	2.698e+04
cur7111_c00183.x	105278	DSM7109	2366079	n/a	1934	n/a	n/a	1969	58	1646244	1648177	0.0	3350
cur7111_c00183.x	105278	DSM7109	2366079	n/a	597	n/a	n/a	40157	39561	1620983	1621579	0.0	 686

#Query ID	 Query Length	 Subject ID	 Subject Length	 % Identity	 Alignment Length	 Mismatches	 Gap Openings	 Query Start	 Query End	 Subject Start	 Subject End	 E-Value	 Bit Score
cur7111_c00184.x	25091	DSM7109	2366079	n/a	25029	n/a	n/a	25092	11	304910	329938	0.0	4.701e+04
cur7111_c00184.x	25091	DSM7109	2366079	n/a	22984	n/a	n/a	22993	11	306955	329938	0.0	4.352e+04
cur7111_c00184.x	25091	DSM7109	2366079	n/a	178	n/a	n/a	24026	23849	313690	313867	2e-48	 194
cur7111_c00184.x	25091	DSM7109	2366079	n/a	178	n/a	n/a	16258	16081	305976	306153	5e-46	 186

#Query ID	 Query Length	 Subject ID	 Subject Length	 % Identity	 Alignment Length	 Mismatches	 Gap Openings	 Query Start	 Query End	 Subject Start	 Subject End	 E-Value	 Bit Score
cur7111_c00185.x	538	DSM7109	2366079	n/a	536	n/a	n/a	539	4	1098092	1098627	0.0	1057
cur7111_c00185.x	538	DSM7109	2366079	n/a	78	n/a	n/a	529	452	1097567	1097644	5e-37	 150
cur7111_c00185.x	538	DSM7109	2366079	n/a	78	n/a	n/a	529	452	1097905	1097982	5e-37	 150

#Query ID	 Query Length	 Subject ID	 Subject Length	 % Identity	 Alignment Length	 Mismatches	 Gap Openings	 Query Start	 Query End	 Subject Start	 Subject End	 E-Value	 Bit Score
cur7111_c00186.x	6203	DSM7109	2366079	n/a	6149	n/a	n/a	12	6162	1743845	1749993	0.0	1.192e+04

#Query ID	 Query Length	 Subject ID	 Subject Length	 % Identity	 Alignment Length	 Mismatches	 Gap Openings	 Query Start	 Query End	 Subject Start	 Subject End	 E-Value	 Bit Score
cur7111_c00187.x	78053	DSM7109	2366079	n/a	44946	n/a	n/a	44968	3	43930	88875	0.0	8.792e+04
cur7111_c00187.x	78053	DSM7109	2366079	n/a	18249	n/a	n/a	78038	59789	10438	28686	0.0	3.353e+04
cur7111_c00187.x	78053	DSM7109	2366079	n/a	18250	n/a	n/a	78039	59789	10437	28686	0.0	3.345e+04
cur7111_c00187.x	78053	DSM7109	2366079	n/a	5137	n/a	n/a	53144	48026	32902	38038	0.0	8477
cur7111_c00187.x	78053	DSM7109	2366079	n/a	3359	n/a	n/a	51383	48026	34680	38038	0.0	5673
cur7111_c00187.x	78053	DSM7109	2366079	n/a	1586	n/a	n/a	47461	45881	38572	40157	0.0	2573
cur7111_c00187.x	78053	DSM7109	2366079	n/a	1846	n/a	n/a	56027	54181	28719	30564	0.0	2332
cur7111_c00187.x	78053	DSM7109	2366079	n/a	958	n/a	n/a	54107	53135	30566	31523	0.0	1158
cur7111_c00187.x	78053	DSM7109	2366079	n/a	225	n/a	n/a	41134	40910	44881	45105	6e-95	 350
cur7111_c00187.x	78053	DSM7109	2366079	n/a	216	n/a	n/a	44007	43792	47770	47985	6e-92	 340

#Query ID	 Query Length	 Subject ID	 Subject Length	 % Identity	 Alignment Length	 Mismatches	 Gap Openings	 Query Start	 Query End	 Subject Start	 Subject End	 E-Value	 Bit Score
cur7111_c00188.x	632	DSM7109	2366079	n/a	204	n/a	n/a	633	430	423925	424128	2e-112	 401
cur7111_c00188.x	632	DSM7109	2366079	n/a	204	n/a	n/a	429	632	2243192	2243395	4e-107	 383
cur7111_c00188.x	632	DSM7109	2366079	n/a	205	n/a	n/a	428	632	2235319	2235523	2e-105	 378
cur7111_c00188.x	632	DSM7109	2366079	n/a	204	n/a	n/a	633	430	41814	42017	5e-100	 360
cur7111_c00188.x	632	DSM7109	2366079	n/a	204	n/a	n/a	633	430	1920614	1920817	5e-100	 360
cur7111_c00188.x	632	DSM7109	2366079	n/a	266	n/a	n/a	330	65	1883600	1883865	2e-99	 358
cur7111_c00188.x	632	DSM7109	2366079	n/a	265	n/a	n/a	330	66	1982485	1982749	9e-99	 356
cur7111_c00188.x	632	DSM7109	2366079	n/a	267	n/a	n/a	330	64	1743582	1743848	1e-97	 352
cur7111_c00188.x	632	DSM7109	2366079	n/a	204	n/a	n/a	429	632	1863821	1864024	1e-97	 352
cur7111_c00188.x	632	DSM7109	2366079	n/a	265	n/a	n/a	330	66	750606	750870	2e-96	 348
cur7111_c00188.x	632	DSM7109	2366079	n/a	335	n/a	n/a	65	399	623383	623717	3e-92	 334
cur7111_c00188.x	632	DSM7109	2366079	n/a	204	n/a	n/a	429	632	1704734	1704937	2e-90	 328
cur7111_c00188.x	632	DSM7109	2366079	n/a	205	n/a	n/a	633	429	2125566	2125770	4e-79	 291
cur7111_c00188.x	632	DSM7109	2366079	n/a	304	n/a	n/a	96	399	352652	352955	9e-77	 283
cur7111_c00188.x	632	DSM7109	2366079	n/a	252	n/a	n/a	330	79	1865990	1866241	2e-74	 275
cur7111_c00188.x	632	DSM7109	2366079	n/a	304	n/a	n/a	96	399	2178996	2179299	5e-72	 267
cur7111_c00188.x	632	DSM7109	2366079	n/a	275	n/a	n/a	330	31	2239320	2239594	6e-53	 204

#Query ID	 Query Length	 Subject ID	 Subject Length	 % Identity	 Alignment Length	 Mismatches	 Gap Openings	 Query Start	 Query End	 Subject Start	 Subject End	 E-Value	 Bit Score
cur7111_c00189.x	515	DSM7109	2366079	n/a	143	n/a	n/a	455	241	2115576	2115718	116630420646025844777481302243217342726144	-106.2

#Query ID	 Query Length	 Subject ID	 Subject Length	 % Identity	 Alignment Length	 Mismatches	 Gap Openings	 Query Start	 Query End	 Subject Start	 Subject End	 E-Value	 Bit Score
cur7111_c00190.x	5983	DSM7109	2366079	n/a	3141	n/a	n/a	3134	2	337488	340628	0.0	6064
cur7111_c00190.x	5983	DSM7109	2366079	n/a	124	n/a	n/a	5578	5701	1865311	1865434	2e-51	 202
cur7111_c00190.x	5983	DSM7109	2366079	n/a	93	n/a	n/a	1	93	43782	43874	2e-45	 182

